{"SRCONLY": {"mse": 94.25841598510742, "parameters": [16, 18, 8, -5]}, "TGTONLY": {"mse": 132.96644203186034, "parameters": [11, 24, 10, -1]}, "ALL": {"mse": 98.17864898681641, "parameters": [19, 25, 9, -1]}, "WEIGHTED": {"mse": 93.14670806884766, "parameters": [17, 28, 7, -3]}, "PRED": {"mse": 120.35206237792968, "parameters": [18, 27, 8, -1]}}